{
  "__global__": {
    "bathymetry": [
      -24.059297561645508,
      -17.77560806274414
    ],
    "slope": [
      0.27904632687568665,
      8.012236595153809
    ]
  },
  "polygon1": {
    "backscatter": [
      87.69528198242188,
      195.36309814453125
    ]
  },
  "polygon3": {
    "backscatter": [
      -25.268958473205565,
      -14.398988723754883
    ]
  },
  "polygon4": {
    "backscatter": [
      -26.770890731811523,
      -17.10957908630371
    ]
  },
  "polygon5": {
    "backscatter": [
      -26.858738632202147,
      -16.19790969848633
    ]
  },
  "polygon6": {
    "backscatter": [
      -26.020196380615236,
      -17.19292304992677
    ]
  }
}